{
  "numInputs": 6,
  "weights_IH": {
    "data": "-0.2771205 -0.38013616 0.48206836 -0.8995189 -0.7092206 -0.53628683 -0.9849509 -0.49938872 0.33848324 0.39079356 -0.62297386 -0.72436625 -1.0075558 -0.28410536 -0.5244373 -0.36374477 0.9593954 0.9867156 0.39836258 -0.06306947 -0.88883376 -0.8594139 0.50991887 -0.83057886 -1.0991774 0.4520621 -0.44279698 0.7842347 0.87507784 0.63128614 0.37912697 0.08306203 -0.09904574 -0.7397861 -0.03349485 -0.39184347 ",
    "rows": 6,
    "cols": 6
  },
  "bias_O": {
    "data": "0.4159836 ",
    "rows": 1,
    "cols": 1
  },
  "weights_HO": {
    "data": "0.42313373 -0.77185714 -0.1493985 -0.14786297 -0.58079803 0.461619 ",
    "rows": 1,
    "cols": 6
  },
  "hiddenLayers": [{
    "numHiddens": 6,
    "bias_H": {
      "data": "-0.49386823 0.3461685 0.72558826 -0.97356564 0.2279649 0.54508555 ",
      "rows": 6,
      "cols": 1
    }
  }],
  "numOutputs": 1
}